"broker_id","state","broker_name","Submissions_2015","Submissions_2016","Submissions_2017","Submissions_2018","Submissions_2019","Submissions_2020","QuoteCount_2014","QuoteCount_2015","QuoteCount_2016","QuoteCount_2017","QuoteCount_2018","QuoteCount_2019","QuoteCount_2020","AvgQuote_2014","AvgQuote_2015","AvgQuote_2016","AvgQuote_2017","AvgQuote_2018","AvgQuote_2019","AvgQuote_2020","PolicyCount_2016","PolicyCount_2017","PolicyCount_2018","PolicyCount_2019","PolicyCount_2020","GWP_2016","GWP_2017","GWP_2018","GWP_2019","GWP_2020","AvgTIV_2016","AvgTIV_2017","AvgTIV_2018","AvgTIV_2019","AvgTIV_2020"
254,"ME","Schmidt-Osborn ME",58,42,34,35,47,1,5,95,14,15,14,19,118,76105.592,40789.0292631579,25584.7535714286,62324.98,42683.3521428571,30426.0242105263,34459.9402542373,33,33,34,35,37,1375616.74,1119823.91,1241244.76,1216419.77,1169431.16,9365703.94606061,8170576.23969697,8672699.14764706,8353466.68542857,7444136.33648649
255,"RI","Johnson Group RI",NA,NA,516,437,456,16,NA,NA,47,824,397,186,364,NA,NA,27665.9689361702,30801.7977305825,31161.9438539043,24059.8219354839,28132.1373626374,NA,2,247,248,244,NA,79252.88,6909345.69,7256644.87,6449168.29,NA,9213040.935,7110636.53785425,7487174.6021371,7027472.40504098
256,"RI","Brock, Burgess and Cooper RI",NA,NA,NA,863,440,17,NA,NA,NA,7,806,197,25,NA,NA,NA,20743.5414285714,18556.7296774194,23943.7097461929,14028.1652,NA,NA,NA,65,63,NA,NA,NA,1018228.96,1152326.1,NA,NA,NA,4530194.69061538,6011378.74587302
257,"MI","Hamilton Inc MI",182,106,119,183,146,4,19,253,45,70,88,70,194,47278.0205263158,39019.4872727273,32975.8708888889,18208.7192857143,30156.8175,32114.409,31959.4438659794,72,70,67,63,59,2487201.37,2240141.48,1903449.06,1803096.34,1648880.07,8514060.75944445,7986031.80114286,7383757.86462687,7883099.55095238,7768973.34813559
258,"NJ","Blanchard-Henson NJ",791,47,NA,NA,NA,NA,27,474,1,NA,NA,NA,NA,32938.862962963,25803.1778270042,17395.42,NA,NA,NA,NA,155,NA,NA,NA,NA,3859989.16,NA,NA,NA,NA,7196206.32922581,NA,NA,NA,NA
259,"KS","Summers, Gonzalez and Evans KS",NA,NA,2015,456,378,13,NA,NA,23,2005,398,360,259,NA,NA,13713.8113043478,17422.4560399003,33198.8123115578,38228.6476666667,20354.0722779923,NA,2,203,213,232,NA,17301.97,3422965.98,4956959.27,6449184.33,NA,2174289.53,4801005.39009852,6115546.8514554,7004147.16698276
260,"NE","Trujillo-Greene NE",NA,NA,455,106,81,NA,NA,NA,9,187,18,23,124,NA,NA,10336.4722222222,27418.0037967914,55077.3294444444,115393.87826087,26042.955,NA,NA,70,69,72,NA,NA,1810298.72,1900222.73,2559921.96,NA,NA,6414712.62242857,6562678.91985507,8123876.36638889
261,"MS","Weeks-Leonard MS",NA,NA,291,255,235,12,NA,NA,7,269,162,198,104,NA,NA,26900.87,24587.596133829,23711.5287654321,29301.5150505051,21441.4293269231,NA,NA,96,96,96,NA,NA,2238857.06,2140587.66,2555082.46,NA,NA,7238441.29635417,7022092.85260417,7096571.59697917
262,"VA","Meyers Ltd VA",NA,332,579,235,301,19,NA,12,304,491,162,222,133,NA,20114.925,25602.0311184211,17409.9688594705,31333.4518518519,22987.8366216216,22370.5454887218,NA,87,87,81,76,NA,1966633.48,1836698.17,1908970.63,1738724.68,NA,7261823.48252874,6243590.62103448,6793832.77950617,6990328.47828947
263,"HI","Pacheco Group HI",NA,NA,568,791,660,24,NA,NA,43,1024,459,409,391,NA,NA,45676.9537209302,32178.5587304688,29795.8012418301,28458.6936430318,29375.4097186701,NA,1,345,344,339,NA,28476.36,10120618.53,10389069.97,9036747.53,NA,6317278.77,7512543.77689855,7608483.62104651,6994210.04147493
264,"ND","Ford, Oneal and Smith ND",NA,99,51,24,40,1,NA,5,56,41,16,24,32,NA,22047.664,17156.0257142857,22151.9875609756,42131.804375,19112.1608333333,21686.3846875,NA,17,17,17,18,NA,306876.23,267093.15,500580.22,496878.39,NA,5511530.46352941,5096017.60411765,7191513.68647059,7439461.20944444
265,"NY","Daugherty, Snyder and Reyes NY",322,207,113,155,141,1,7,304,145,89,96,89,226,22877.7914285714,32851.2322039474,35283.486,34034.0224719101,57942.7015625,56004.8870786517,36198.7227876106,80,80,82,83,85,2636254.11,2700331.34,2872243.48,2951986.26,3410461.52,7456867.397625,7645788.216875,8445000.76353659,8389810.16,9124863.21
266,"RI","Hunt-Brown RI",1778,1145,403,341,1303,88,23,1866,866,291,354,604,374,16365.0995652174,17217.5981618435,17887.118556582,31548.9593127148,35006.0406779661,26569.628410596,22526.6409090909,171,175,184,199,220,2749535.12,2894913.67,4654272.24,5693658.78,6332438.52,4532642.11695906,4584330.62068571,6352151.69293478,7042107.9781407,7290180.55627273
267,"SC","Campbell-Benson SC",NA,NA,NA,NA,624,46,NA,NA,NA,NA,7,563,14,NA,NA,NA,NA,19687.8342857143,27578.031669627,25521.1785714286,NA,NA,NA,NA,86,NA,NA,NA,NA,1881755,NA,NA,NA,NA,5878188.20813954
268,"AS","Lozano, Bryant and Carpenter AS",NA,NA,109,87,82,4,NA,NA,4,114,58,38,54,NA,NA,114425.24,39306.3259649123,29448.2968965517,25738.9847368421,32875.5692592593,NA,NA,39,37,36,NA,NA,1452376.27,1178019.12,1010989.94,NA,NA,8670330.60974359,7099341.04918919,7221231.07416667
269,"TX","Patterson-Jones TX",NA,NA,271,190,103,2,NA,NA,11,149,118,105,69,NA,NA,22273.1927272727,20086.3365771812,22829.3638983051,34534.4100952381,20505.4623188406,NA,NA,57,58,63,NA,NA,1087603.31,1312097.64,1609068.7,NA,NA,5536795.82280702,6168755.485,6585866.04888889
270,"IA","Hamilton, Wiggins and Mckenzie IA",400,99,123,87,54,NA,11,243,49,84,79,54,112,50222.6418181818,35778.2048559671,36149.4508163265,42957.2371428571,28500.8163291139,21776.8851851852,32883.86875,46,45,43,39,35,1645091.13,1313005.5,1653257.95,1320109.08,1082820.37,8854541.97608696,7564570.77844444,9122641.50302326,8365690.91692308,7774008.16771429
271,"NC","King Inc NC",238,58,107,53,88,3,4,181,46,57,36,51,117,77865.9375,30818.1954696133,52191.1041304348,19427.2556140351,20773.3552777778,16272.5098039216,34607.9951282051,38,38,39,39,39,1362404.8,1677447.96,1439587.11,1294707.63,797432.08,8138653.13473684,9941226.24157895,9029814.63948718,8163056.7174359,6259771.72538462
272,"VA","Morrison, Blackwell and Black VA",NA,NA,NA,278,111,3,NA,NA,NA,NA,122,63,25,NA,NA,NA,NA,31278.5855737705,24834.4877777778,30812.2944,NA,NA,NA,35,35,NA,NA,NA,1098752.88,873877.52,NA,NA,NA,7472790.79542857,6457452.052
273,"AK","Peters-Jones AK",NA,1136,336,169,197,9,NA,11,987,254,98,127,160,NA,16774.1836363636,16242.8121985816,27347.6958267717,37397.2304081633,24517.2242519685,19519.39275,NA,80,81,82,83,NA,1327857.48,1643448.36,2113616.4,1819233.85,NA,4733187.033875,5674830.3162963,7037227.77756098,6636551.52771084
274,"MS","Moore-Roberts MS",306,149,131,135,160,1,18,455,50,44,63,79,435,47328.1227777778,54158.5252087912,60410.8228,67683.9240909091,36572.706031746,53057.2086075949,46931.8271954023,131,130,125,122,123,6241895.06,6384482.05,6003757.01,5692576.95,5853159.99,10467612.5547328,10688693.8204615,10748697.03888,10481761.969918,10378291.8730894
275,"ME","Hudson Ltd ME",113,319,98,90,228,13,6,178,322,113,124,101,59,33854.855,36247.1210674157,15858.6235093168,28348.7273451327,28748.3079032258,30065.4968316832,21949.1477966102,52,52,49,44,39,1776132.92,1045195.92,1206687.37,974647.96,993523.87,8178131.15307692,5664446.84788461,6559980.48061224,6461066.70431818,7612402.30641026
276,"AR","Holland, Hubbard and Ellis AR",1998,1835,700,674,626,4,59,2381,1495,924,757,758,822,28654.2555932203,30722.3321209576,24410.1956454849,56140.3906168831,48949.3163936592,56959.4477044855,35340.5516666667,453,449,451,462,487,13223004.03,10622019.21,18815196.66,21032163.2,23325134.52,7432179.83576159,7151770.73278396,9408021.98518847,10118690.1803896,10432530.1178029
277,"MI","Thomas, Crawford and Montoya MI",NA,349,200,117,158,10,NA,4,180,122,130,104,95,NA,23230.4875,21984.3231666667,22739.8340983607,30743.4363076923,42606.9875,22799.0062105263,NA,63,61,56,54,NA,1392617.85,1203248.72,1443502.59,1698030.41,NA,6644100.93111111,5986722.18967213,6980035.24910714,8072957.16314815
278,"CO","Atkins, Chavez and Jones CO",NA,339,166,130,364,22,NA,7,324,102,120,160,202,NA,64975.0514285714,27115.2052469136,23991.4832352941,28785.6626666667,24164.99075,23925.5625742574,NA,94,92,98,103,NA,2242646.94,2086319.49,2493229.8,2496103.67,NA,6380194.69744681,6142599.76793478,6655248.97887755,7443742.32951456
279,"HI","Booker and Sons HI",135,134,137,468,629,55,5,240,83,169,448,252,184,20065.856,43301.2952916667,42307.8042168675,28060.2734911243,15232.7475892857,35137.9815873016,30273.2225,70,75,79,82,88,2868756.78,2759230.98,2276810.49,1661384.51,2571740.78,9174826.38871429,8443475.86653333,7336105.13468354,5476434.46548781,7140331.12102273
280,"GU","Farrell, Shaffer and Cardenas GU",352,88,79,148,160,3,6,294,77,83,114,147,178,12833.1216666667,21311.008877551,26188.0627272727,41381.836746988,34747.2409649123,34710.3685034014,23498.8241011236,58,59,64,79,101,1134399.18,1305791.69,1781608.56,2161206.72,3044373.08,5938359.88775862,5611148.31220339,6835997.2484375,6865883.87848101,7409424.61445545
281,"CA","Davies, Cole and Taylor CA",357,671,292,411,97,NA,23,756,279,180,263,2,509,54880.7747826087,56005.6708333333,33044.0068458781,54429.2406666667,29942.3642585551,14652.845,55573.1962082515,207,203,200,195,74,11150174.69,10642096.09,10377867.08,9210943.07,3733813.72,10687966.5356522,10576520.2133005,10872774.36835,10348017.5305641,10864350.3172973
282,"MN","Nelson and Sons MN",566,129,192,132,164,12,8,299,64,145,92,70,120,22730.26375,29198.0377926421,29696.85046875,29268.7422068966,29026.1379347826,32635.1574285714,23736.0589166667,49,51,53,54,57,1494811.37,1345467.25,1224525.85,1141865.06,1446434.84,8011517.60408163,6648957.32568627,7211279.08075472,7115251.88185185,7804094.70263158
283,"NH","Jackson Group NH",367,631,419,274,146,3,6,243,582,221,221,203,127,14651.5766666667,29350.3491769547,17907.1834364261,32865.6174208145,64346.9795022624,59331.5841871921,32034.2603937008,80,82,85,92,102,2094900.17,1631139.16,2342080.49,4246995.31,5450620.97,8369269.02675,6449540.15439024,7136330.25670588,10450988.0496739,10482860.0397059
284,"WI","Ramirez and Sons WI",380,114,118,80,77,NA,15,307,49,46,50,52,197,39579.926,29394.3937459283,40812.1004081633,24961.1923913043,85642.7962,56641.4301923077,28603.7094923858,62,65,62,63,65,1794373.09,1830196.24,1738413.67,2556198.62,2559145.9,7066073.86451613,7128813.83538462,7065602.68790323,8319350.55587302,8355260.61430769
285,"RI","Lawson, Murphy and Flores RI",194,81,183,348,102,2,6,206,43,81,245,57,110,65585.5183333333,38275.0788349515,33003.5813953488,23143.6838271605,16939.9811020408,50460.6964912281,41939.9813636364,39,39,39,40,45,1443751.77,1652076.27,1663282.76,1144316.02,1666829.6,8239115.75282051,8907503.84102564,9308324.58025641,6626598.846,8296349.13111111
286,"WY","Harvey Ltd WY",NA,NA,2632,560,336,6,NA,NA,24,2669,294,252,413,NA,NA,15313.8158333333,16967.3332896216,31944.1458163265,36249.6193253968,18080.0105326877,NA,1,268,267,284,NA,4552.78,4031340.7,5241846.45,6697606.88,NA,2477225.02,4273874.1438806,5254968.35191011,6084912.01478873
287,"NY","Miller Ltd NY",140,122,104,222,122,5,1,166,46,59,162,57,155,4870.48,33121.7760240964,24608.0926086957,43951.7708474576,17850.9569753086,25781.8189473684,28043.7372258065,52,51,50,51,50,1609062.01,1349235.19,1608624.29,1443940.68,1282314.02,7652988.47211538,6738495.6127451,7864387.4834,7229929.9745098,6914916.0198
288,"IA","Davenport and Sons IA",92,35,105,39,84,2,2,93,14,83,23,62,68,10237.5,25455.6382795699,12715.4878571429,19453.6031325301,15440.7095652174,16320.9269354839,23359.0520588235,23,23,23,24,25,573885.38,538991.58,532380.32,492493.24,463229.62,6967408.99173913,6143338.94478261,6248175.84956522,5429845.77833333,5500420.6136
289,"RI","Castro and Sons RI",158,623,114,243,185,10,6,137,536,128,160,135,84,18335.1,32235.2168613139,15279.7591231343,45556.971640625,43839.2449375,38700.7331111111,42140.3766666667,49,49,51,56,62,1444756.38,1238093.55,2252368.69,1967848.42,2296804.24,9273545.0277551,7171122.62938775,9579162.46607843,8756388.48660714,8927959.19209677
290,"IA","Nelson-Rosario IA",2143,443,260,251,185,NA,9,1871,235,138,150,126,438,11850.9733333333,15984.4352805986,23925.9888510638,39113.4052173913,34432.7891333333,45996.3935714286,19342.6362557078,136,137,144,152,160,2028578.79,2388728.91,3245898.06,3677326.77,4484436.34,4414233.80808824,5050117.6770073,5849997.34979167,6201471.95710526,6643334.7303125
291,"WV","Johnson Group WV",2654,520,234,281,230,1,21,2493,250,158,140,139,593,24773.8766666667,16828.3219855596,24096.64064,30760.9959493671,30676.4860714286,54169.521942446,18926.4553288364,198,197,189,186,187,3179796.44,3446127.63,3843586.65,4277507.01,5074885.92,4383746.64914141,4719960.90609137,5382902.47354497,5909996.00252688,6494548.29449198
292,"OH","Ramos, Salazar and Wagner OH",358,662,562,1366,405,10,6,489,368,290,1159,289,313,24933.365,31206.6724948875,21616.5928804348,23750.7637931034,16805.4323899914,25147.0879584775,22188.6204472843,157,159,159,161,165,4547725.03,3533384.94,3623124.34,3183679.11,3844906.03,7330256.28898089,6468097.31408805,6668592.08515723,5732379.97086957,6882839.60060606
293,"NY","Wheeler-Perry NY",NA,NA,NA,127,42,NA,NA,NA,NA,NA,104,27,25,NA,NA,NA,NA,32664.8124038462,38102.3655555556,27884.2696,NA,NA,NA,34,34,NA,NA,NA,984387.59,1050196.7,NA,NA,NA,7467224.60147059,7840522.14823529
294,"IN","Vasquez Group IN",NA,NA,NA,NA,137,12,NA,NA,NA,NA,9,165,3,NA,NA,NA,NA,40154.7133333333,21938.4693939394,54730.1866666667,NA,NA,NA,NA,55,NA,NA,NA,NA,1217819.64,NA,NA,NA,NA,6127981.31236364
295,"VI","Sellers, Peterson and Murillo VI",NA,NA,NA,1789,648,37,NA,NA,NA,17,2063,518,74,NA,NA,NA,19047.3305882353,17170.7619001454,22152.4350965251,18343.6559459459,NA,NA,NA,154,154,NA,NA,NA,2497641.4,2995391.49,NA,NA,NA,4574745.1111039,5887368.41383117
296,"LA","Watson-Calhoun LA",275,162,213,108,103,3,8,220,94,187,63,85,205,18228.60875,24676.5256363636,29662.6607446809,14674.9464705882,24941.1604761905,40929.2714117647,21346.2005365854,67,66,68,68,67,1504195.2,1456498.91,1314146.9,1410398.87,1649786.63,6565243.04223881,6519328.03454545,6009230.56882353,5946120.65294118,6685780.9158209
297,"OH","Holmes-Jones OH",NA,NA,NA,1136,218,2,NA,NA,NA,13,1034,145,59,NA,NA,NA,17881.5107692308,17363.7274371373,40444.4633793103,16671.6362711864,NA,NA,NA,88,89,NA,NA,NA,1407664.1,2306171.62,NA,NA,NA,4531140.77977273,6324198.10078652
298,"NE","Parker PLC NE",259,142,160,93,74,NA,13,271,93,92,98,72,142,21724.1076923077,27444.2037269373,19790.3661290323,31183.7519565217,45418.5596938775,30553.5027777778,25886.6927464789,64,63,64,65,62,1421546.99,1399870.82,1373633.13,2328859.06,1955522.69,6654331.02,7240726.62777778,7195209.35390625,8988944.21030769,8435971.17741936
299,"DC","Aguirre, Torres and Johnson DC",NA,NA,NA,572,228,9,NA,NA,NA,3,271,156,36,NA,NA,NA,50071.8966666667,24746.6835055351,22622.4413461538,19177.2966666667,NA,NA,NA,82,83,NA,NA,NA,1751235.41,1749167.03,NA,NA,NA,6975615.47609756,6284168.10421687
300,"VT","Wang, Williams and Johnson VT",325,213,788,385,287,8,25,550,176,768,213,236,468,24293.0824,30051.2288181818,23768.3363636364,16100.4189973958,24749.6346478873,29827.4918220339,23050.8615384615,166,169,174,181,185,4424777.12,4061630.65,3626989.44,4136608.06,4520415.86,6555193.93373494,6141085.02988166,5573821.07867816,6012188.9838674,6372377.97227027
301,"LA","Brown Inc LA",NA,NA,NA,NA,402,19,NA,NA,NA,NA,6,372,3,NA,NA,NA,NA,86881.5,28389.3233064516,10901.3266666667,NA,NA,NA,NA,92,NA,NA,NA,NA,2571810.22,NA,NA,NA,NA,7645108.71358696
302,"VI","Hardy, Jackson and Martinez VI",548,204,200,192,924,53,8,609,84,114,109,770,584,58542.57875,51431.2259441708,55837.8778571429,60663.0935087719,43431.2269724771,17218.7046883117,41164.7517294521,159,161,167,175,190,6793109.25,6886150.44,7223879.5,7718289.84,7018948.51,9665107.54584906,9514530.64515528,10082885.8126347,9672288.96171429,8687891.65505263
303,"NA","Mcintosh-Adams NA",852,610,860,640,578,24,28,970,600,598,575,324,815,28527.8360714286,30497.3697010309,28072.6442,24435.5467558528,25831.2119304348,20706.0100617284,28234.7670306748,303,301,303,291,282,8806179.55,9087944.07,8749787.98,7395303.79,6186237.78,7323477.87250825,7669350.85973422,7912686.25729373,7136173.01237113,6826237.03684397
304,"DE","Freeman-Fritz DE",746,142,121,104,110,3,4,737,96,89,85,77,187,8361.87,17929.2004613297,31386.604375,29931.5294382022,42322.4695294118,40920.277012987,22605.829144385,58,61,65,70,81,931199.11,1484582.68,1387982.16,1953196.75,2602865.98,4504543.32758621,5875102.7,6093456.71969231,7081265.53542857,7467916.25320988
305,"UT","Martin, Bryant and Boyd UT",NA,NA,NA,295,203,8,NA,NA,NA,14,400,206,97,NA,NA,NA,23537.1942857143,33381.595875,28282.1301941748,28216.8657731959,NA,NA,NA,141,142,NA,NA,NA,4555950.17,3836433.58,NA,NA,NA,7938844.08148936,7127196.15070423
306,"AZ","Dunn-Medina AZ",NA,NA,347,172,180,6,NA,NA,9,460,126,109,168,NA,NA,72377.0977777778,29027.4440217391,28448.6036507937,26864.5509174312,31147.4286904762,NA,NA,121,121,118,NA,NA,3679426.75,3677193.78,3294906.86,NA,NA,7264811.61338843,7451082.24487603,7200354.79652542
307,"ID","Morris, Baldwin and Gomez ID",413,322,365,111,29,NA,40,670,149,157,4,NA,446,46419.16575,60068.7207761194,32058.1281879195,34818.2886624204,8349.9825,NA,44587.8456278027,207,207,212,94,29,11460541.63,9249180.52,8655300.22,3687647.28,1094204.26,11315672.3368116,9788576.8247343,9458903.45410377,9358472.62287234,8461244.93896552
308,"CO","Williams-West CO",NA,NA,NA,NA,135,5,NA,NA,NA,NA,3,180,3,NA,NA,NA,NA,19747.7733333333,48497.3022777778,5338.58666666667,NA,NA,NA,NA,48,NA,NA,NA,NA,1743740.93,NA,NA,NA,NA,9318378.73291667
309,"ND","Bauer PLC ND",93,6,NA,NA,NA,NA,4,71,NA,NA,NA,NA,NA,58412.7275,39949.9554929577,NA,NA,NA,NA,NA,16,NA,NA,NA,NA,842003.45,NA,NA,NA,NA,12236816.97375,NA,NA,NA,NA
310,"MP","Price, Ray and Rivera MP",NA,232,74,64,127,14,NA,5,136,36,54,65,120,NA,31180.36,31452.5071323529,25998.0619444444,36788.3346296296,23082.1696923077,27316.9528333333,NA,51,48,53,57,NA,1381494.57,1261286.01,1473432.6,1474696.86,NA,7015218.06666667,6778316.50416667,7164848.89358491,7296554.32719298
311,"MT","Hardin-Shaw MT",312,96,134,82,61,NA,6,158,48,56,60,27,163,31224.5083333333,29230.822721519,34426.748125,34602.415,28744.9813333333,31089.6822222222,29148.8229447853,54,54,54,52,47,1520240.57,1490615.63,1730767.89,1628735.23,1275254.05,7193862.72092593,7156376.66314815,8133687.58111111,8084749.55326923,7331322.46851064
312,"OK","Moody, Bentley and Cohen OK",NA,106,140,139,101,7,NA,6,134,65,54,48,92,NA,92531.0183333333,29280.4867164179,25803.5533846154,27932.6907407407,36249.3654166667,30884.8736956522,NA,48,47,44,43,NA,1511493.43,1363589.35,1344724.26,1270191.44,NA,7760167.4375,7208986.20319149,7177265.98363636,7302159.31953488
313,"AK","Brooks-Rivera AK",167,508,226,250,117,5,4,187,474,173,146,148,115,84146.665,29548.769144385,17993.5275105485,22114.8042196532,25511.9929452055,34522.875,25037.1913913043,66,67,70,73,75,2101252.65,1398863.6,1532077.26,1565820.42,2095058.37,7495377.16075758,5572380.95791045,7060299.90685714,7011665.04013699,7806201.9332
314,"DC","Vasquez LLC DC",225,437,200,477,204,8,1,235,401,168,468,157,148,92960.83,27652.1297021277,15258.8264339152,28002.9717261905,16674.9196153846,37780.2503184713,21709.8710135135,74,75,78,78,74,1904584.34,1396964.67,1597999.14,1740357.64,2265953.88,8272221.57554054,5652920.488,6851838.62820513,6612230.12871795,7595930.79040541
315,"CT","Moreno, Cline and Moreno CT",NA,NA,NA,NA,587,32,NA,NA,NA,NA,16,779,8,NA,NA,NA,NA,25636.379375,31647.3385879332,23846.2125,NA,NA,NA,NA,168,NA,NA,NA,NA,4668287.6,NA,NA,NA,NA,7182419.10464286
316,"LA","Smith Inc LA",277,391,133,174,101,3,9,155,362,118,152,143,79,14225.0655555556,25359.3128387097,17481.2116574586,29180.5454237288,28976.9282236842,30539.8896503497,21371.5165822785,51,51,54,55,55,1312137.79,857992.83,1415316.23,1419012.95,1360771.32,8083836.49039216,5007886.16039216,7009606.59907407,7435919.87309091,6628340.14527273
317,"SC","White-Mccormick SC",2668,489,329,372,239,4,23,2511,181,200,207,146,690,21299.0026086957,16984.2073636002,24752.0538674033,25957.6501,30281.441884058,58877.7711643836,17049.9294637681,228,228,217,206,201,3386318.94,3811389.88,3813258.85,4328773.67,5710109.93,4289179.09885965,4644949.02850877,4929073.6878341,5616469.46951456,6789066.10895522
318,"GU","Adams-Clark GU",1039,317,286,166,191,5,7,616,155,122,93,89,266,17387.98,29131.5828409091,32932.488516129,26273.348442623,23252.6878494624,21506.9406741573,20719.0606766917,103,103,101,100,99,2181930.23,2306409.32,2276763.79,2180392.46,1960010.98,6343670.57834951,6540989.72320388,6986455.19465347,6407932.7908,6330675.46343434
319,"NV","Delgado-Marsh NV",696,699,460,484,501,15,32,839,360,351,393,495,856,36227.54875,30840.3618116806,24422.3545555556,43371.7998005698,62243.7728753181,27000.0313939394,33835.7810981308,298,301,328,354,358,8907283.67,8571693.79,10292720.76,15554035.72,13451454.57,7229959.96234899,7077815.44445183,7710003.18332317,9634214.47550847,8330901.06594972
320,"IA","Jimenez PLC IA",144,87,63,249,136,11,5,151,51,50,206,114,109,47316.314,27794.4392715232,27684.8992156863,23252.0266,16089.0486893204,23612.3879824561,32131.8920183486,47,47,44,41,41,1549073.22,1402382.3,1137944.27,922459.42,899283.21,8897930.38148936,8260076.65340426,7361633.49840909,6342923.39804878,6213428.5304878
321,"AL","Carpenter Ltd AL",NA,NA,NA,NA,310,31,NA,NA,NA,NA,9,169,NA,NA,NA,NA,NA,46119.2266666667,29169.3053254438,NA,NA,NA,NA,NA,63,NA,NA,NA,NA,1756427.68,NA,NA,NA,NA,7052357.51984127
322,"MI","Maxwell and Sons MI",173,114,65,99,72,1,15,119,69,40,67,47,95,40459.2286666667,25985.8014285714,16951.4311594203,25691.28525,29574.5817910448,26705.2382978723,27050.0253684211,39,37,37,38,38,1041393.75,1027089.38,980065.82,811638.03,854900.54,6561842.62948718,6784550.62486487,7637802.34297297,6547543.93263158,6141546.77947368
323,"ID","Garcia-Berg ID",NA,651,103,62,51,2,NA,3,255,33,20,23,119,NA,5020.80666666667,24333.8331372549,22249.1936363636,46700.648,98774.0769565217,19936.841092437,NA,46,45,46,48,NA,848917.31,890994.3,995687.82,1793966.61,NA,6186195.7376087,6123442.39355556,6325329.53782609,8291389.77458333
324,"NE","Berry, Hutchinson and Edwards NE",990,378,260,459,947,75,14,1073,237,220,287,703,539,12912.6671428571,29406.4473532153,30178.3229957806,32932.8674090909,28473.0381881533,15865.6297012802,26413.3581447124,210,211,203,184,167,5606202.83,5991929.42,5739459.34,4944888.22,3446430.68,6674686.59242857,7140573.76720379,7186314.84768473,6890955.47478261,5762193.01976048
325,"MO","Zamora PLC MO",NA,NA,NA,NA,3490,284,NA,NA,NA,NA,17,3210,103,NA,NA,NA,NA,14314.6976470588,17168.8161121495,14676.5837864078,NA,NA,NA,NA,190,NA,NA,NA,NA,3000531.33,NA,NA,NA,NA,4433087.33363158
326,"WY","Romero, Hall and Stokes WY",445,731,413,476,522,30,7,342,581,227,225,425,175,20056.8885714286,22392.7260526316,18109.2113425129,24337.2147136564,28212.2377777778,15140.5647529412,18096.6074857143,83,81,81,83,88,1554899.31,1306899.93,1400469.61,1937857.97,1640946.06,6160835.0239759,5300129.17012346,5755159.63246914,7386800.03240964,5748142.90488636
327,"PR","Floyd, Gilmore and Marshall PR",NA,NA,NA,139,114,6,NA,NA,NA,5,105,46,20,NA,NA,NA,13273.38,38720.9766666667,37383.3647826087,21763.633,NA,NA,NA,30,30,NA,NA,NA,887616.09,776556.22,NA,NA,NA,7638830.09066667,6946761.13066667
328,"CT","Brown-Ramirez CT",303,30,NA,NA,NA,NA,NA,282,15,NA,NA,NA,NA,NA,29507.9852482269,37425.958,NA,NA,NA,NA,54,NA,NA,NA,NA,1110450.39,NA,NA,NA,NA,5232735.40944444,NA,NA,NA,NA
329,"LA","Barnes Inc LA",588,358,577,678,489,8,30,1129,142,240,356,209,1080,46968.0983333333,29642.5523737821,23086.7120422535,33983.5640416667,31314.9040449438,29356.6809090909,26202.9619166667,304,307,308,325,348,8690380.71,8007766.8,8100156.19,8526147,9010717.63,7339482.80851974,7098480.22472313,7068993.01409091,7132797.78683077,6935916.31456897
330,"AZ","Jones-Doyle AZ",225,167,257,267,452,29,15,464,102,144,124,135,515,66529.254,56845.1433405172,61698.6674509804,32705.854375,34815.3414516129,28492.5568148148,47388.3777475728,141,144,153,168,188,6895166.35,7390390.01,7086588.72,7521791.78,7686033.36,10131015.0578723,10146444.5715278,9776347.33660131,9447898.30654762,8794885.03430851
331,"NV","Lopez-Walker NV",2807,408,644,483,585,37,13,2535,299,306,373,336,428,18072.9892307692,17341.9174595661,34101.3349498328,24459.1523202614,23866.147077748,24222.1433035714,20169.2619392523,158,169,181,199,222,2473329.17,4242603.24,3738963.84,4303398.34,5169778.31,4519376.50379747,6250134.64071006,6207432.2359116,6476665.41974874,6943288.33315315
332,"CA","Calhoun Group CA",125,87,70,75,175,3,6,183,84,66,82,99,156,75327.1166666667,40665.4555191257,40432.8901190476,48004.1872727273,42035.5952439024,28036.0364646465,40932.7490384615,62,62,62,64,68,2493265.31,2491216.95,2685870.04,2756422.63,2425318.13,9050160.55177419,9359910.48725806,9623751.78241936,9233025.54984375,8712614.14514706
333,"VA","Wong Ltd VA",NA,NA,186,106,17,NA,NA,NA,2,173,63,1,42,NA,NA,45361.055,30752.3077456647,47916.7171428571,83710.79,35637.1514285714,NA,NA,41,41,14,NA,NA,1546367.41,1213809.49,621509.76,NA,NA,8799638.39121951,7473006.17341463,10027448.2335714
334,"NM","Williams, Oconnor and Hayes NM",145,114,103,92,159,3,9,171,102,61,88,70,166,26843.9322222222,25471.1084795322,30447.4205882353,31295.6137704918,27553.0780681818,38918.6907142857,20347.7030722892,64,64,62,58,55,1399540.48,1345329.76,1362427.58,1342054.01,1582590.72,5613463.778125,5261140.14125,5806305.36774193,5964624.17275862,6859236.90727273
335,"OH","Cruz, Brooks and Smith OH",NA,NA,501,35,NA,NA,NA,NA,3,274,2,NA,NA,NA,NA,30193.4266666667,29294.4315328467,22964.74,NA,NA,NA,NA,59,NA,NA,NA,NA,1722473.97,NA,NA,NA,NA,7454548.63118644,NA,NA
336,"AZ","Bell, Roberts and Schroeder AZ",NA,NA,NA,233,129,9,NA,NA,NA,6,157,99,34,NA,NA,NA,105698.32,23433.9938216561,37938.9756565657,32414.3388235294,NA,NA,NA,55,57,NA,NA,NA,1557584.12,1863362.86,NA,NA,NA,7094374.96745455,8079782.06491228
337,"PR","Steele-Moore PR",NA,NA,274,135,209,7,NA,NA,10,296,104,111,129,NA,NA,42341.226,40601.4272297297,36235.6534615385,32340.05,30498.55,NA,NA,89,87,87,NA,NA,2765443.8,2735129.55,2630955.81,NA,NA,8162052.88539326,8346491.63321839,7928362.58091954
338,"MO","Price, Smith and Soto MO",NA,NA,NA,NA,2123,157,NA,NA,NA,NA,17,1942,59,NA,NA,NA,NA,19902.1823529412,17844.4358753862,16738.776440678,NA,NA,NA,NA,141,NA,NA,NA,NA,2523481.36,NA,NA,NA,NA,4774414.07326241
339,"MS","Reynolds, Simpson and Davenport MS",454,283,717,877,322,14,29,458,212,694,793,224,314,15485.8813793103,26708.328558952,23014.5090566038,17762.1168011527,16888.8018411097,28517.5259375,19535.1265605096,132,136,139,141,142,3277649.98,3171453.63,2570816.83,2218952.43,2926704.89,7413756.82454545,6912410.21463235,5649305.33798561,5153920.89297872,6225234.72295775
340,"MD","Anderson-Rivers MD",NA,NA,NA,2270,821,35,NA,NA,NA,15,1926,440,82,NA,NA,NA,30487.9,17073.4077725857,25489.2125227273,12394.7142682927,NA,NA,NA,169,165,NA,NA,NA,2541948.92,3434816.29,NA,NA,NA,4419558.87443787,6448598.64951515
341,"NV","Oneill-Rogers NV",NA,418,98,65,85,1,NA,4,276,21,32,31,166,NA,9368.8325,32960.3918478261,55597.1357142857,78226.439375,69279.9170967742,31279.2075903614,NA,60,61,62,67,NA,1655090.01,1854797.06,2111142.24,2573804.12,NA,7436996.87033333,7886306.17180328,8184036.27048387,8839641.93253731
342,"GA","Diaz, Robinson and Perez GA",117,7,NA,NA,NA,NA,8,129,NA,NA,NA,NA,NA,14776.6225,34520.2913953488,NA,NA,NA,NA,NA,37,NA,NA,NA,NA,1174031.94,NA,NA,NA,NA,7906251.75810811,NA,NA,NA,NA
343,"SD","Brandt and Sons SD",311,446,911,206,482,40,9,270,204,729,246,243,157,33904.5477777778,22444.4636666667,23993.7438235294,17462.3275171468,57860.9823577236,27216.9235390946,31077.0157324841,93,94,98,101,105,1989659.44,2102113.92,1779558.39,4428872.86,3765992.81,6347478.36376344,7424923.59276596,5680344.06459184,9685655.26079208,8347447.0327619
344,"LA","Steele, Hall and Johnson LA",206,95,61,112,102,6,8,210,60,54,112,66,133,44168.16,31991.1964761905,42613.5141666667,54254.5164814815,28622.7073214286,28054.6490909091,30306.729924812,54,54,55,53,50,1639330.12,1714391.29,1858440.78,1408611.78,1236786.59,7456442.89740741,7636062.20407407,8574547.006,7221974.78169811,6953495.606
345,"KS","Jackson, Wells and Hardy KS",1943,522,303,273,896,63,24,1931,332,253,176,274,479,12052.12,17339.9551838426,28616.9725903614,27226.4258498024,32544.0952840909,29997.1744525547,19164.5652400835,190,189,180,163,154,3213165.3,3561661.7,3564995.91,3966022.58,4007123.88,4892659.89642105,5264185.08338624,5317293.91066667,6147344.19067485,6694612.16603896
346,"SC","Becker-Burns SC",3379,1656,725,568,310,4,19,2968,1243,525,305,308,431,11274.1342105263,17230.8082412399,18156.7401769912,25979.7775619048,24710.456852459,32161.7316883117,18206.7723201856,204,210,207,212,212,3307324.84,3502281.17,4431874.62,4433650.84,5287547.4,4550394.27495098,4760672.86152381,5511947.40381643,5556913.66245283,6505805.78948113
347,"CO","Petersen, Foley and Compton CO",1295,291,165,162,223,5,21,1280,141,117,119,165,440,17835.7471428571,17917.0624375,44929.9708510638,53856.2130769231,51989.4233613445,54642.6037575758,22418.5986818182,133,135,141,151,165,1985874.31,3138048.19,3357588.92,4566104.36,6213066.26,4202794.06345865,5681832.76911111,6107366.22297872,7032412.81708609,8571381.45
348,"WV","Meza-Ray WV",142,106,189,96,100,7,5,148,69,84,95,87,78,12759.14,25992.3897972973,28117.6491304348,29926.805,30409.3353684211,31163.4959770115,22065.1051282051,43,43,44,41,37,1062561,1124778.6,1075795.84,928379.34,845263.76,6466675.50488372,7280051.37162791,7652653.72477273,5930397.19560976,5738185.60756757
349,"NH","Hurley-Parker NH",NA,NA,NA,NA,4721,364,NA,NA,NA,NA,23,4216,132,NA,NA,NA,NA,15629.4582608696,17147.3396228653,16355.0040909091,NA,NA,NA,NA,257,NA,NA,NA,NA,3835305.95,NA,NA,NA,NA,4432925.85256809
350,"WV","Daniels Inc WV",166,114,100,90,112,1,8,236,73,55,65,68,218,58240.89,41720.5297881356,26940.5446575342,23915.988,38616.348,45168.2769117647,37395.1994954128,70,69,69,73,80,2660732.46,2622503.92,2412867.19,2483655.96,3002745.76,8944532.22157143,8563199.23855072,8154908.96115942,7957572.02410959,8612731.91075
351,"AS","Morris, Ritter and Anderson AS",NA,NA,NA,448,26,NA,NA,NA,NA,8,365,10,NA,NA,NA,NA,27169.405,28698.6196438356,23804.349,NA,NA,NA,NA,80,NA,NA,NA,NA,2196881.1,NA,NA,NA,NA,7228132.4195,NA
352,"WI","Ramirez, Perry and Howard WI",2556,649,606,876,1567,89,20,2838,405,408,611,1504,648,13471.3385,16644.7541860465,25670.8242962963,22191.0517647059,25203.3427495908,17290.9808909574,18297.0363734568,254,252,253,265,291,3872378.28,5460996.9,4993445.98,5319971.2,5029434.69,4307344.53011811,5756253.36353175,6011694.39822134,6623758.14822641,5512059.85972509
353,"IN","Caldwell-Campbell IN",NA,NA,NA,NA,197,12,NA,NA,NA,NA,11,182,NA,NA,NA,NA,NA,18201.6281818182,25126.6062087912,NA,NA,NA,NA,NA,49,NA,NA,NA,NA,1126018.89,NA,NA,NA,NA,6849004.8077551
354,"TN","Garcia LLC TN",947,666,680,433,327,21,15,995,573,537,200,219,182,18482.5873333333,16997.2206130653,17278.8564048866,16459.7912662942,25316.30675,26931.9107305936,14160.8718681319,87,87,89,89,85,1402719.62,1326550.52,1326466.21,1440822.07,2079209.59,4539671.34954023,4227461.74114943,4203179.50550562,5410725.03764045,6630954.70188235
355,"VT","Christensen Ltd VT",1174,691,217,293,693,53,8,1011,378,197,232,611,163,38968.28375,16485.4351829871,22790.0566666667,54485.0696954315,24955.85375,16677.3864157119,20613.9088343558,94,93,93,94,94,1241610.6,1717664.74,3445922.47,2366916.38,1891940.4,3852169.29574468,5888915.54967742,8209269.95473118,7626551.51191489,5916950.88829787
356,"NH","Aguilar-Hughes NH",584,122,96,102,119,1,9,264,51,57,39,40,291,12661.0422222222,23542.0003409091,39129.2480392157,39660.1642105263,63362.2192307692,30076.68175,24314.0865292096,84,84,87,89,88,1883379.02,1924536.04,2185024.44,2660460.68,2343668.46,6085845.70333333,6195392.24071429,6649877.88701149,7479357.49842697,6798553.45909091
357,"VA","Mata, Williams and Diaz VA",NA,NA,NA,NA,419,21,NA,NA,NA,NA,11,509,2,NA,NA,NA,NA,17201.6845454545,38297.7530058939,107641.5,NA,NA,NA,NA,142,NA,NA,NA,NA,4961356.64,NA,NA,NA,NA,8340864.85802817
358,"PR","Baird Inc PR",138,62,31,46,30,NA,1,98,26,15,23,14,41,15430,24593.1997959184,25550.3173076923,26933.9813333333,22827.7204347826,34786.5907142857,41815.9348780488,16,15,15,15,16,468791.39,553513.94,623249.41,528476.11,599103.41,6975365.085625,8116049.362,8794686.43266667,7921829.832,8482084.66375
359,"NJ","Gordon, James and Hudson NJ",NA,NA,NA,NA,205,5,NA,NA,NA,NA,19,360,2,NA,NA,NA,NA,45709.3857894737,32077.9647222222,13590.87,NA,NA,NA,NA,134,NA,NA,NA,NA,4030810.19,NA,NA,NA,NA,7342093.73902985
360,"HI","Ryan, Cantu and Graham HI",NA,1620,596,1264,396,24,NA,10,1591,393,1047,254,208,NA,9425.676,17920.0323758642,24183.5165648855,15611.3868099331,22826.9050787402,14595.7352884615,NA,127,124,126,129,NA,1844986.51,2066829.58,1855279.82,2288609.28,NA,4404429.93559055,5381887.57524194,4806272.33214286,5865249.69852713
361,"NM","Wells, Beck and Brown NM",331,225,272,241,288,8,24,674,160,156,180,228,625,49229.4741666667,52301.3340207715,57791.4939375,51331.3882051282,67036.6711111111,58241.3447368421,50995.965408,188,194,201,207,225,9493054.45,9873789.93,9872429.58,10602967.41,12214672.84,10563476.3170745,10621836.1673196,10353290.3965174,10505730.7254106,10893378.2152889
362,"NE","Cruz-Brown NE",73,69,236,77,96,7,5,114,54,223,83,69,81,45474.928,39222.4894736842,21581.6016666667,16600.775470852,20364.1269879518,29125.6269565217,24059.5959259259,38,38,39,39,37,1709871.15,964823.76,690035.21,827781.36,1006927.93,9339998.71605263,7114435.65473684,5519243.37282051,6319514.78051282,7211309.15972973
363,"WV","Davis, Griffin and Garcia WV",NA,NA,NA,NA,303,23,NA,NA,NA,NA,2,155,2,NA,NA,NA,NA,12305.88,28699.6320645161,13189.15,NA,NA,NA,NA,27,NA,NA,NA,NA,843488.24,NA,NA,NA,NA,7564123.53333333
364,"VA","Moran Group VA",138,156,214,98,101,8,7,124,78,99,126,89,81,29830.9328571429,17804.4588709677,25963.596025641,25695.983030303,27407.0822222222,27517.9917977528,26956.9658024691,44,44,44,43,43,878572.27,1076632.42,1272109.66,1094929.51,951603.55,5039662.21159091,6726757.96977273,8000770.69681818,7204178.27488372,6337226.14023256
365,"NC","Flores PLC NC",2228,455,424,1053,285,3,13,1873,281,229,855,242,347,20848.9884615385,17330.0570475174,26601.2098576512,30262.6521834061,16993.8024210526,46731.9955785124,20914.8412391931,167,168,164,162,161,2638889.75,3330025.16,4041660.87,3345023.65,5057327.7,4462262.37976048,5703756.94595238,7274252.28878049,6160974.68179012,7621929.21173913
366,"VA","Christensen-Sandoval VA",2443,485,259,208,480,31,16,2105,226,172,154,236,419,13779.93875,16963.6230308789,25109.0219026549,29091.2,22453.4662337662,23899.5494491525,20464.3503102625,164,161,153,143,134,2534649.61,3307497.18,3624864.91,3268768.5,2823146.13,4529689.12737805,5390097.34944099,6021252.17986928,6043802.36587413,6286183.33723881
367,"AS","Mann, Fields and Sullivan AS",733,318,326,326,397,16,31,823,219,230,242,247,669,54000.6732258065,61326.3702430134,71095.1720547945,64445.3746956522,58292.8720661157,64843.5037651822,58104.3702989537,234,235,230,230,235,13188895.9,13559630.75,13787056.15,12880871.99,13740710.62,11137827.5671795,11461651.8031064,11851375.7483478,11273397.7363043,11912112.4432766
368,"PA","Kennedy LLC PA",339,20,NA,NA,NA,NA,8,179,1,NA,NA,NA,NA,12639.1125,30398.391396648,13608.2,NA,NA,NA,NA,51,NA,NA,NA,NA,1425338.01,NA,NA,NA,NA,7062956.04901961,NA,NA,NA,NA
369,"TN","Ramsey Group TN",658,357,731,316,249,12,10,392,152,533,154,160,162,32793.749,26097.6070153061,24737.8257236842,16762.0075046904,22841.344025974,23407.176875,22053.6418518519,89,89,88,87,85,2288830.55,1899364.3,1674313.34,1995544.06,1863568.89,8331817.60988764,6965027.19685393,6096140.87181818,7296084.07896552,7140074.67517647
370,"OH","Myers, Lewis and Gilbert OH",NA,NA,NA,NA,1471,116,NA,NA,NA,NA,15,1599,34,NA,NA,NA,NA,15052.3613333333,17977.9883802376,16706.5508823529,NA,NA,NA,NA,162,NA,NA,NA,NA,2708459.7,NA,NA,NA,NA,4579997.66395062
371,"FL","Oneill LLC FL",NA,NA,2964,1989,709,35,NA,NA,16,2789,1482,292,163,NA,NA,21375.50375,17544.0592864826,17097.6933940621,23633.1200342466,14946.3700613497,NA,1,157,161,163,NA,21690.69,2414062.75,2624301.02,3052445.32,NA,5301204.89,4625419.04229299,4734601.42198758,5922082.65920245
372,"OH","Mckenzie, Hunt and Rodriguez OH",305,127,58,69,373,27,4,183,84,71,50,299,102,96031.905,28864.7431147541,32941.4435714286,26111.853943662,23501.0502,16854.4471571906,28579.0176470588,43,43,41,38,36,1242114.68,1309953.52,1380855.46,900266.85,564855.03,6798350.20162791,7021534.44325581,7656711.4004878,6479651.19947368,5022335.20083333
373,"IL","Collins and Sons IL",113,512,146,485,380,26,4,98,450,123,450,353,62,20045.47,30904.0454081633,17305.6324444444,31354.5757723577,17276.1506666667,16966.713286119,24322.2112903226,36,37,39,42,45,1120580.59,933153.57,1141166.18,819943.74,585012.43,9694388.61861111,7074031.40918919,7220569.7225641,5179819.70261905,3815844.61555556
374,"WI","Moore-Griffin WI",440,173,212,185,121,11,13,309,112,110,103,100,73,13320.91,27128.8662135922,23233.9210714286,28933.74,32632.1902912621,25940.2399,25183.2982191781,52,52,49,47,45,1193318.63,1190638.46,1167056.52,1220308.72,1104115.91,7577563.47846154,7228580.83826923,7813880.67795918,8132382.47319149,8073795.10333333
375,"IN","Barnes LLC IN",NA,NA,160,127,96,3,NA,NA,7,160,62,59,56,NA,NA,68196.0742857143,33720.958875,33618.9098387097,20894.9593220339,38793.8566071429,NA,NA,47,47,49,NA,NA,1572170.09,1723013.4,1478810.82,NA,NA,7745020.09106383,8615768.82489362,7191339.58306122
376,"WA","English and Sons WA",833,187,114,172,84,NA,7,793,138,90,56,57,185,17527.2114285714,16258.19296343,30920.056884058,37028.1381111111,24150.405,39783.4228070175,23139.5927567568,70,70,66,64,60,1100884.68,1554117.46,1846711.02,1802370.93,1720196.99,4714302.21528571,6313423.29371429,7581368.7230303,7430936.65484375,7288394.74766667
377,"NC","Richardson-Brown NC",NA,165,83,93,127,4,NA,2,189,82,62,86,111,NA,12847.505,32214.5637037037,35836.0437804878,47508.5122580645,19309.986744186,26362.2854054054,NA,56,58,61,68,NA,1517007.92,1500206.61,1922109.14,1661284.9,NA,7019048.15875,6694507.2512069,7844323.21540984,6917719.41264706
378,"KY","Turner-Morales KY",NA,NA,NA,NA,884,71,NA,NA,NA,NA,16,820,16,NA,NA,NA,NA,18015.76125,16779.097695122,19118.344375,NA,NA,NA,NA,77,NA,NA,NA,NA,1126851.68,NA,NA,NA,NA,4646629.99480519
379,"MP","Collins, Kelly and Smith MP",202,65,53,63,89,3,3,225,23,18,29,47,190,19068.4433333333,30854.4212,37862.8204347826,89610.1283333333,28050.49,42179.1787234043,36238.9118947368,50,51,53,58,66,1460334.72,1722694.81,2255639.37,2175435.54,2326273.98,7310570.5618,8169287.75058824,8853879.30207547,8106158.35086207,7639098.16651515
380,"PR","Taylor PLC PR",NA,NA,NA,100,294,22,NA,NA,NA,2,149,125,23,NA,NA,NA,9514.785,35740.307852349,23887.6508,39405.7004347826,NA,NA,NA,44,42,NA,NA,NA,1532942.46,1119899.48,NA,NA,NA,7966564.54431818,7256163.2
381,"OH","Wells-Anderson OH",NA,NA,2982,502,359,13,NA,NA,17,2575,289,190,282,NA,NA,20210.8323529412,17209.7522757282,34153.4966089965,30222.7364736842,17755.8656737589,NA,1,191,194,219,NA,6776.83,2717843.53,4249650.85,5016758.85,NA,1410913.47,4184090.52691099,5552331.74608247,5896582.33598174
382,"WA","Bright, Huynh and Murphy WA",545,156,290,132,271,21,8,249,81,220,95,117,223,14231.4175,31883.6918875502,32683.3008641975,20155.4319545455,29379.5968421053,25658.7674358974,34930.2051569507,70,71,72,75,82,2073633.83,2469195.54,2378964.78,2600443.28,2577511.17,7582103.792,8366750.07183099,8074600.1675,8708381.38853333,7927545.37463415
383,"DC","Gutierrez-Henderson DC",NA,NA,NA,NA,544,32,NA,NA,NA,NA,10,749,21,NA,NA,NA,NA,26591.973,28765.6154339119,47000.3828571429,NA,NA,NA,NA,157,NA,NA,NA,NA,4464568.04,NA,NA,NA,NA,7249072.93165605
384,"GU","Hampton LLC GU",NA,NA,1108,394,490,15,NA,NA,29,1146,184,270,457,NA,NA,43040.8003448276,32833.532399651,24991.8342391304,23973.0082962963,29376.1433916849,NA,NA,270,268,276,NA,NA,8508739.01,8006879.56,7237991.96,NA,NA,7834013.64151852,7476408.70182836,7281463.02
385,"CT","Snyder-Lewis CT",NA,183,111,470,441,33,NA,6,184,80,398,206,106,NA,29081.1066666667,42740.0705434783,34945.527375,16408.4852763819,32319.0134951456,26265.2169811321,NA,56,59,62,69,NA,2144077.53,1727142.16,1277970.75,1919618.01,NA,9121835.97785714,7828799.10779661,5862400.15016129,7042126.39188406
386,"TX","Reed LLC TX",362,68,70,273,222,18,15,367,45,54,259,181,106,10664.028,18084.3938419619,35258.1526666667,24819.4327777778,17952.9518146718,17061.0717127072,15839.736509434,34,36,38,42,48,526231.1,607134.65,733879.85,662638.91,799063.44,4191974.86382353,4751342.08972222,5258812.50868421,4710387.55333333,4879560.76541667
387,"CO","Robinson, Hickman and Le CO",NA,NA,NA,344,158,3,NA,NA,NA,12,223,87,54,NA,NA,NA,18511.7191666667,25949.3755156951,40149.3029885057,23045.1668518519,NA,NA,NA,76,80,NA,NA,NA,1636522.16,2220830.24,NA,NA,NA,6168584.90815789,7354702.09625
388,"IN","Williams Ltd IN",1168,221,122,145,181,5,12,1017,120,89,141,143,286,18763.4225,17085.284346116,39316.0158333333,49327.7515730337,40654.1989361702,56461.7248251748,23043.3005594406,90,91,98,109,136,1088343.05,2049242.9,3092178.32,3195268.68,4983888.67,3681741.47455556,6006779.84505494,7453624.77112245,7092330.53266055,8695114.05220588
389,"MN","Myers Ltd MN",174,233,264,806,621,42,5,261,109,128,648,487,122,14274.95,37275.0427586207,19917.211559633,21587.7340625,18029.2935802469,16417.5233264887,23078.2659836066,69,69,70,72,74,2096170.67,1727579.57,1500643.36,1507715.45,1130540.88,7347653.2826087,7170719.45173913,6454120.457,5839947.2575,4522045.14824324
390,"ME","Reeves PLC ME",NA,NA,128,65,22,NA,NA,NA,7,60,30,18,30,NA,NA,39683.9071428571,42006.8485,33108.4453333333,45665.5522222222,34367.8056666667,NA,NA,22,21,21,NA,NA,741905.51,648078.89,784691.57,NA,NA,8395738.04045455,8489231.19238095,9370287.94
391,"AS","Rivera Ltd AS",NA,261,378,641,295,10,NA,11,274,145,539,149,142,NA,23348.2736363636,22977.3687226277,30792.8707586207,19158.0041558442,23759.5963758389,19210.6373943662,NA,97,95,89,86,NA,1788900.5,2110493.73,1575161.82,1985125.36,NA,6555275.24628866,7296742.2191579,5480465.76303371,6852562.67093023
392,"MN","Davis LLC MN",626,447,58,6,NA,NA,14,371,206,1,NA,NA,90,29460.2942857143,30956.8616172507,28964.3731553398,18351.48,NA,NA,26747.2738888889,82,83,34,6,NA,1941759.06,2260903.32,946600.25,230564.72,NA,6729305.02597561,7440553.23204819,7244046.13647059,9670963.82,NA
393,"MN","Ho-Nash MN",NA,NA,1368,476,372,11,NA,NA,10,1282,280,229,159,NA,NA,26506.718,17846.6332527301,26650.0220357143,31213.7331441048,21517.411509434,NA,1,128,130,135,NA,6002.78,2267147.43,3126304.15,3539287.58,NA,1862171.9,4701729.08289063,6014813.78415385,6843027.30148148
394,"ND","Allen, Young and Smith ND",NA,NA,NA,NA,483,18,NA,NA,NA,NA,40,601,3,NA,NA,NA,NA,34413.30125,37319.8867054908,24172.81,NA,NA,NA,NA,208,NA,NA,NA,NA,6698409.97,NA,NA,NA,NA,8334190.69350962
395,"CO","Kelly, Martinez and Harris CO",NA,NA,NA,NA,300,29,NA,NA,NA,NA,10,345,4,NA,NA,NA,NA,70859.651,40558.5752753623,62023.305,NA,NA,NA,NA,104,NA,NA,NA,NA,4062360.49,NA,NA,NA,NA,8972324.98211538
396,"NA","Hernandez Group NA",222,454,338,408,169,4,19,525,375,243,386,197,245,37558.5842105263,50856.8126095238,25497.62544,28850.720781893,28798.0492746114,32427.1356345178,37429.1727755102,162,161,143,125,102,7979353.65,5863998.13,4460019.47,3667960.26,3072845.92,9615933.79450617,8514010.09465839,7462882.70293706,7340313.92832,7608553.66970588
397,"AZ","Ramos Inc AZ",291,231,99,101,138,11,8,181,171,79,90,77,72,20507.0775,21185.7832596685,18697.2501754386,18169.6511392405,21567.4698888889,29663.1257142857,16775.2981944444,34,34,34,35,35,677364.33,664505.25,550479.78,617729.65,731522.2,5575663.40617647,5652768.295,4454765.51911765,5852815.084,6842871.98028571
398,"RI","Jackson-Ingram RI",191,168,103,128,263,20,3,175,136,90,76,108,85,18264.89,30070.1560571429,29514.4567647059,24009.9175555556,23675.9568421053,27167.5750925926,20799.6911764706,42,41,39,37,36,1203099.08,1058410.23,848056.51,738764.05,872297.53,7631263.04547619,6559806.40121951,5757442.83538462,5520589.69837838,6451467.09638889
399,"NY","Torres Ltd NY",887,537,470,471,605,11,54,1234,300,439,425,479,1058,35740.3762962963,28246.5804619125,30288.6451666667,38530.9466287016,56909.3030352941,51680.013736952,29859.4863137996,352,352,379,412,458,8891100.35,9027818.43,10935805.35,15319371.72,18832937.44,6445236.31411932,6553493.79795455,7291956.01654354,8410168.40468447,8992310.71146288
400,"AS","Ross-Garcia AS",296,774,230,388,291,11,11,275,336,260,253,240,154,27031.0963636364,25221.9652,24635.2482738095,26822.9443076923,22008.0263241107,24442.367375,21488.2140909091,93,92,89,88,89,2253186.63,2343048.72,1846042.4,1806973.2,1890203.48,7343635.63688172,8291536.12163043,6276622.2641573,7001254.87806818,7266129.24348315
401,"IN","Hernandez and Sons IN",299,190,80,70,71,NA,3,147,72,76,74,89,120,14366.8333333333,26105.4320408163,22631.8083333333,32226.3696052632,61742.737972973,54429.1668539326,24561.9515833333,49,49,50,53,59,1167879.81,908287.03,1251019.38,1830829.29,2249738.1,6418292.24,5308502.64673469,6863800.3368,8489478.33962264,9354134.2879661
402,"LA","Long-Lutz LA",210,183,155,45,14,NA,2,214,73,83,NA,NA,145,106587.35,30133.651728972,25417.4910958904,32517.2484337349,NA,NA,26222.9688275862,68,68,70,36,14,1844823.79,1871754.52,1915815.35,813200.73,454774.87,7167420.84044118,6993125.22176471,6931843.40914286,5706715.5425,7633685.33357143
403,"MI","Brown and Sons MI",148,76,82,84,107,6,10,128,55,53,44,63,103,19196.966,24695.813046875,25224.9178181818,28230.7433962264,24480.6229545455,19728.2366666667,26240.717184466,44,44,43,42,43,1076201.83,1091819.53,1200211.92,1084072.45,921055.29,6494610.05863636,6777565.36,7551104.61255814,6226153.38714286,5952346.58372093
404,"MO","Johnson PLC MO",1187,1050,1087,1082,659,16,46,1734,726,549,647,591,939,26884.3430434783,27970.4643886967,25366.4122176309,28942.2669581056,28529.666877898,43221.1765989848,25009.1503407881,398,398,391,399,430,10154002.91,10046363.18,9991807.57,10078131.66,13480982.13,6663823.6871608,6560343.9340201,6669544.94386189,6680905.31463659,7909690.03495349
405,"IA","Stephenson-Alvarez IA",497,89,59,44,68,1,5,587,54,37,14,23,115,12622.78,17979.4936115843,25103.5987037037,21659.2210810811,19206.9978571429,32460.3952173913,15328.6448695652,39,38,36,35,33,746190.35,636592.86,546416.42,555169,558904.45,5361031.63948718,4915758.93421053,4233207.63666667,4679916.93314286,5362850.13333333
406,"SC","Taylor, Mills and Gordon SC",134,68,59,125,49,4,4,60,40,42,108,38,52,11100.875,28800.201,22773.072,34149.1230952381,15101.7519444444,22197.14,27048.3401923077,26,27,23,23,23,734826.01,669786.02,636018.96,583263.54,461604.18,8321882.61269231,6340436.89444444,6581640.07521739,6544607.70826087,6255803.12521739
407,"IL","Boone, Beck and Martinez IL",439,133,111,117,106,3,19,431,71,66,77,87,175,29152.6952631579,34549.1129234339,28501.3857746479,48450.3639393939,78600.264025974,72063.1174712644,40752.0906857143,70,67,66,65,64,2270706.96,1974644.88,2557767.73,3657179.88,3780698.36,8275208.78685714,7724679.10119403,8708233.25166667,11016649.3298462,11267656.2546875
408,"DE","Grant LLC DE",89,54,96,61,66,6,5,116,42,78,37,48,96,19491.05,38799.9217241379,29249.2914285714,27484.4819230769,14240.6572972973,34879.4604166667,29702.7729166667,42,43,38,36,31,1380018.2,1378268.01,1189362.27,908848.31,801913.47,8983448.09928571,9000461.22837209,8809714.60184211,7517520.86722222,7716557.98129032
409,"SC","Dillon, Lopez and Ayers SC",NA,NA,NA,NA,213,10,NA,NA,NA,NA,4,180,NA,NA,NA,NA,NA,14310.2725,26501.8212777778,NA,NA,NA,NA,NA,64,NA,NA,NA,NA,1885538.81,NA,NA,NA,NA,6683291.935625
410,"MD","Martin-Ortega MD",NA,NA,612,226,215,17,NA,NA,6,281,135,195,69,NA,NA,8799.30666666667,34867.3144128114,22386.6857037037,27070.5665128205,30440.1237681159,NA,NA,62,62,59,NA,NA,1977059.15,1657281.99,1557890.44,NA,NA,8189159.11129032,7868738.65209677,7867693.94830508
411,"AK","Sampson, Austin and Baker AK",NA,NA,NA,NA,320,26,NA,NA,NA,NA,17,247,1,NA,NA,NA,NA,46079.3017647059,28755.666437247,6127.82,NA,NA,NA,NA,85,NA,NA,NA,NA,2236730.66,NA,NA,NA,NA,6991138.82352941
412,"IN","Wu PLC IN",NA,NA,NA,NA,733,46,NA,NA,NA,NA,11,783,16,NA,NA,NA,NA,16430.7681818182,17382.5366283525,17033.046875,NA,NA,NA,NA,77,NA,NA,NA,NA,1197288,NA,NA,NA,NA,4244169.40272727
413,"MD","Reynolds, Velazquez and Chase MD",NA,NA,586,132,96,5,NA,NA,9,293,85,72,71,NA,NA,26284.7833333333,33146.2651194539,33934.2889411765,34953.6073611111,39352.7567605634,NA,NA,62,60,62,NA,NA,2106038.97,2067018.19,2460853.23,NA,NA,8450101.57516129,8332920.215,8856662.56096774
414,"AL","Francis Group AL",NA,1629,1251,924,969,59,NA,65,1948,893,750,867,486,NA,31409.7970769231,29521.4869301848,27259.1751399776,28043.9398,29598.7630565167,26638.2486419753,NA,420,424,412,378,NA,11617330.33,10590026.29,11485740.05,10086641.45,NA,7166513.84759524,7126427.47542453,7237438.53674757,7046459.85970899
415,"HI","Flowers-Cooper HI",NA,190,104,66,62,NA,NA,6,155,70,64,61,99,NA,50179.2883333333,27664.4053548387,43418.6835714286,55204.57828125,42515.7814754098,36114.4885858586,NA,54,54,53,52,NA,1395917.83,1884910.77,2226818.43,2406048.27,NA,6660487.16759259,8466896.09907407,9347995.12566038,9580978.75653846
416,"DE","Barnett-Johnson DE",240,195,116,29,6,NA,8,221,91,44,NA,NA,123,8783.56125,25634.2545701357,25911.7837362637,24268.2806818182,NA,NA,23301.6604878049,63,63,60,24,6,1410328.35,1450449.1,1393624.57,605257.43,174779.95,6021633.02412698,6318779.08079365,6225975.25183333,6029633.88125,6572344.675
417,"HI","Choi-Simpson HI",3791,3019,1105,817,1261,87,21,3563,2327,655,405,608,345,17463.1480952381,16990.891849565,17200.2816501934,22192.3949312977,25812.9019753086,25351.4172203947,17096.3533623188,202,205,204,202,208,3273413.73,3390247.5,3319065.59,4147214.38,4884522.59,4531655.43138614,4651513.53195122,5380282.13166667,6327535.04371287,7609779.68711538
418,"VI","Smith and Sons VI",NA,NA,NA,NA,324,20,NA,NA,NA,NA,6,163,NA,NA,NA,NA,NA,66923.8583333333,26273.0955214724,NA,NA,NA,NA,NA,32,NA,NA,NA,NA,815044.29,NA,NA,NA,NA,6477116.5428125
419,"VA","Wright and Sons VA",268,182,96,210,74,2,12,180,79,89,118,93,91,31882.7616666667,25679.8065,26191.5607594937,34981.9333707865,28132.3613559322,33938.5662365591,26245.9326373626,55,54,50,48,49,1499622.78,1381714.15,1514683.12,1583143.31,1586558.87,8377486.47945455,7522283.97444444,8167023.285,7816435.713125,8091866.68265306
420,"CA","Nguyen, Johnson and Williamson CA",NA,NA,NA,NA,150,9,NA,NA,NA,NA,5,130,2,NA,NA,NA,NA,31325.328,24673.0399230769,28640.05,NA,NA,NA,NA,40,NA,NA,NA,NA,886248.2,NA,NA,NA,NA,6056771.4245
421,"NC","Lyons, Mcdowell and Dunlap NC",1556,473,186,381,255,13,11,1703,247,181,166,175,174,12478.7818181818,16239.2795126248,22254.9396761134,32859.5108287293,19573.9004216867,26244.3844571429,16268.7210344828,109,106,100,94,91,1563736.74,1945184.99,2039321.6,2044354.93,1948980.62,4010455.50137615,5625110.45113208,5949728.5699,6797686.5656383,6710793.05703297
422,"AS","Mccann Inc AS",246,278,87,100,327,19,1,211,258,90,104,120,112,35784.11,24931.0390521327,18551.5068604651,43218.2585555556,29927.5378846154,28519.2203333333,23385.3350892857,49,49,51,58,66,1347135.21,1116351.91,1777596.82,1587489.38,1618079.76,6680720.53571429,5801314.63673469,7628527.85705882,6896109.67258621,7277108.99212121
423,"CA","Jackson, Wise and Casey CA",NA,260,236,347,136,3,NA,2,162,215,282,92,59,NA,10961.17,20212.1043827161,15454.7545581395,18178.3538297872,23531.2798913043,16677.9115254237,NA,37,37,37,38,NA,699990.5,576085.96,532967.92,644949.25,NA,5413642.54243243,4624085.5572973,4208829.06081081,5036838.10842105
424,"AS","Walters, Solis and Miller AS",337,93,153,94,120,10,2,154,75,70,63,67,45,8538.05,30027.8975974026,25008.0601333333,24966.7937142857,26313.2241269841,29286.1210447761,36805.0084444444,32,32,31,31,31,1066709.22,882514.86,923400.51,882728.3,868815.74,7190031.1771875,7239955.1203125,7121605.46096774,7167219.84354839,7071169.08
425,"ME","Chaney-Fields ME",246,121,194,163,140,1,13,223,60,123,100,102,267,18026.4623076923,24727.8865022422,47699.1495,34425.8365853659,39564.0888,41430.4660784314,22839.0658052434,82,83,84,92,109,1634079.06,2052672.55,1801481.54,2462099.46,3593660.03,5518367.02195122,6313570.0273494,6145774.60654762,7061703.14847826,8099156.3893578
426,"MD","Green Ltd MD",NA,NA,NA,1114,278,8,NA,NA,NA,9,1086,139,31,NA,NA,NA,14583.8188888889,17493.6419429098,23839.1485611511,18879.5193548387,NA,NA,NA,61,62,NA,NA,NA,985999.19,1717129.69,NA,NA,NA,4803123.37180328,8679908.22758065
427,"GA","Morgan LLC GA",453,101,83,86,125,2,2,379,71,85,98,136,150,4805.675,33849.365171504,44997.1804225352,29111.422,28498.2007142857,39603.88625,26326.7922666667,56,57,63,70,84,1562698.08,1691456.85,1753013.51,2161830.76,2708818.13,7358256.01660714,7213024.00719298,6971915.91222222,7400792.56671429,7794791.70642857
428,"VT","Hughes, King and Jordan VT",1661,983,921,830,1226,76,56,1914,618,554,481,807,1281,42702.0325,28621.3713949843,29917.9722653722,30531.8794765343,23711.813950104,26348.7772490706,27646.1272521468,447,452,466,475,505,12553692.87,12966805.86,13673375.47,12288223.4,12269978.47,7205553.47762864,7312779.24176991,7325214.89427039,7250603.94134737,7476175.3629703
429,"AK","Sandoval, Bell and Dunn AK",2375,537,628,444,444,12,18,2169,367,552,540,320,532,19065.2094444444,16952.3005993545,42484.7160762943,30833.2905434783,31534.6325925926,31539.241875,26281.4073308271,213,229,237,225,219,3281520.51,6182438.53,6881700.49,6379995.19,6884836.78,4474916.37455399,6797389.96772926,7532791.80400844,7453911.42688889,8090116.87164384
430,"ME","Lawrence-Baker ME",379,179,36,7,NA,NA,2,384,99,2,NA,NA,89,42563.735,29687.2991927083,42827.9401010101,16836.165,NA,NA,35312.0176404494,72,71,32,7,NA,2149734.34,2593603.81,1117253.51,296091.74,NA,7739532.62777778,8734925.27901408,8733996.7996875,9957646.32,NA
431,"NC","Matthews-Pace NC",NA,2214,1091,1801,387,10,NA,5,1924,419,1501,352,146,NA,14068.68,17064.5808056133,21992.2815990453,16834.7163424384,26435.0501136364,15969.7904109589,NA,143,141,141,137,NA,2193294.66,2694588.03,2030261.58,2952718.66,NA,4356697.9465035,6110916.05198582,4236786.17326241,6041382.24518248
432,"IL","Powers PLC IL",725,111,55,75,69,4,1,282,34,25,39,29,145,46545.26,30747.159929078,56135.8052941176,18448.532,43360.8671794872,26318.4686206897,33293.5915862069,42,43,44,47,49,1159318.75,1467966.76,1476090.58,1802344.43,1507163.45,7520900.98071429,8624798.93418605,8536036.55568182,9280588.7893617,8364951.10836735
433,"OK","Anderson, Wilkins and Hicks OK",411,183,230,160,181,6,13,285,129,164,172,125,194,15632.3784615385,25296.01,26730.4034883721,23982.6955487805,30537.7084883721,27091.42792,21437.8112886598,96,97,93,87,75,2104533.39,2407713.82,1946922.43,2039153.25,1702777.12,6357084.0634375,7339474.78257732,6205568.12784946,6851202.20701149,6161511.0324
434,"WA","Patterson and Sons WA",NA,NA,NA,122,100,7,NA,NA,NA,7,164,70,29,NA,NA,NA,37280.1942857143,47652.4348780488,36222.3772857143,53775.2627586207,NA,NA,NA,51,51,NA,NA,NA,2045524.62,2265250.48,NA,NA,NA,9760353.73156863,10307080.472549
435,"WA","Campos Ltd WA",3038,881,738,1071,773,28,54,2876,641,519,781,355,1314,29745.8066666667,29448.167767733,34143.4601716069,33909.8182466281,23955.9438412292,29435.0351267606,28127.0339954338,482,482,446,433,406,13656673.58,14503931.8,14059923.62,11484984.65,10709711.64,7186721.94871369,7546779.51058091,8102512.69726457,7643848.38212471,7309853.98421182
436,"AL","Henderson and Sons AL",NA,433,87,67,65,1,NA,3,391,47,59,46,68,NA,13486.2666666667,17045.9356521739,32079.2117021277,23106.7183050847,21887.2513043478,14988.0114705882,NA,36,37,36,34,NA,444869.7,737143.87,629217.91,528589.32,NA,3779313.07527778,5429424.52054054,5173829.48916667,4690589.86205882
437,"FL","Pruitt, Spencer and Williams FL",NA,NA,NA,NA,94,3,NA,NA,NA,NA,8,98,NA,NA,NA,NA,NA,15254.74625,43401.3248979592,NA,NA,NA,NA,NA,40,NA,NA,NA,NA,1446827.87,NA,NA,NA,NA,8615139.62475
438,"PR","Herman-Skinner PR",NA,NA,NA,NA,513,36,NA,NA,NA,NA,1,336,9,NA,NA,NA,NA,12838.13,25759.1997619048,10377.4544444444,NA,NA,NA,NA,73,NA,NA,NA,NA,1711921.43,NA,NA,NA,NA,7282824.99767123
439,"VI","Robertson, Williamson and Lowe VI",1240,1154,628,655,561,24,24,1221,503,408,419,364,579,26749.1725,29194.4419328419,33793.8,30560.1466666667,31661.2075656325,29431.0909615385,28583.1283246978,242,239,245,248,257,6447130.21,7049154.14,7085977.97,7288672.1,7492016.19,6889283.11855372,7214702.22221757,7482847.84755102,7620837.94741935,7303384.30466926
440,"NM","Torres-Anderson NM",186,392,132,195,104,5,8,163,140,115,152,111,40,19262.2525,30902.7927607362,27233.5162142857,25588.4788695652,28134.8936842105,28366.2376576577,18770.9335,36,36,35,32,27,1026449.54,856820.48,844243.89,786260.23,679139.55,8914199.00833333,7590998.78861111,7002868.004,7166537.4178125,7312335.56111111
441,"AR","Baker Inc AR",313,148,135,146,103,NA,14,260,120,92,126,108,165,80693.8421428571,31496.8771153846,32985.6560833333,61472.3205434783,47487.4920634921,61274.7359259259,38379.6274545455,72,73,71,72,74,2244380.11,2168645.32,2914135.48,3479988.32,3728494.55,8503951.14319444,7986949.27315069,9405407.76323944,9731519.09402778,10181229.9258108
